Statnett saksnr.,Tilko saksnr.,Stasjon for tilknytning i transmisjonsnettet,Områdeplan,Statnetts kunde,Sluttkunde,Næringstype,Dato - tilknyttet kapasitet,Kunde og tilknytningsansvarlig,Tilknyttet kapasitet totalt (MW),Tilknyttet kapasitet med ordinære vilkår (MW),Tilknyttet kapasitet med særlige vilkår (MW)
21/00027,,Kolsvik KRA/TRA,Helgeland og Salten,Tensio AS,Sarepta Energi AS,Vindkraft,2020-12-20,Ingvild Grøtterud Birkeland,55,55,
21/00043,,Snilldal Transformatorstasjon TRA,Midt,Tensio AS,Trønderenergi,Vindkraft,2020-12-20,Christopher Aarnseth Ruud,60,60,
21/00044,,Nea KRA/TRA,Midt,Tensio AS,Trønderenergi,Vindkraft,2021-12-19,Christopher Aarnseth Ruud,90,90,
21/00047,,Hofstad TRA,Midt,Tensio AS,Sarepta Energi AS,Vindkraft,2021-12-20,Christopher Aarnseth Ruud,130,130,
21/00051,,Tunnsjødal KRA/TRA,Midt,Tensio AS,Nte Energi As,Vannkraft,2023-11-10,Christopher Aarnseth Ruud,50,50,
21/00052,,Åfjord TRA,Midt,Tensio AS,Trønderenergi,Vindkraft,2021-12-19,Christopher Aarnseth Ruud,15,15,
21/00198,,Borgund KRA/TRA,Hallingdal og Ringerike,Sygnir AS,,Vannkraft,2021-12-19,Hans Olav Ween,26,26,
21/00231,,Åsen,Bergen og Haugalandet,Fagne AS,Småkraft AS,Vannkraft,2025-09-23,Magnus Øverby Tennøe,9,9,
21/00251,,Vardal TRA,Innlandet,Elvia As,Flere mindre,Vannkraft,2025-07-07,Heidi Hellesvik Ringstad,13,13,
21/00252,,Vemorktoppen,Telemark og Vestfold,Hydro Energi As,Hydro,Vannkraft,2019-12-31,Geir Kåsa,6,6,
21/00253,,Ertsmyra TS TRA,Sør Rogaland og Agder,Glitre Nett AS,,Vindkraft,2020-12-31,Arne Utne,342.3,342.3,
21/00254,,Vang TRA,Innlandet,,Austri Vind,Vindkraft,2020-12-01,Heidi Hellesvik Ringstad,60,60,
21/00255,,Songkjølen KRA/TRA,Innlandet,,Odal Vindkraftverk As,Vindkraft,2021-09-28,Heidi Hellesvik Ringstad,110.4,110.4,
21/00256,,Hasle TRA,"Oslo, Akershus og Østfold",,Marker Vindpark AS,Vindkraft,2019-01-01,Heidi Hellesvik Ringstad,54,54,
21/00259,,Høyanger TRA,Sogn og Sunnmøre,BKK AS,,Vannkraft,2021-12-19,Hans Olav Ween,10,10,
21/00261,,Fortun KRA/TRA,Sogn og Sunnmøre,Breheim Nett AS,,Vannkraft,2024-02-07,Hans Olav Ween,55,55,
21/00262,,Ålfoten TRA,Sogn og Sunnmøre,Linja AS,,Vannkraft,2021-12-20,Hans Olav Ween,295,295,
21/00271,,Rana KRA/TRA,Helgeland og Salten,Statkraft Energi As,Statkraft Energi As,Vannkraft,2022-08-22,Ingvild Grøtterud Birkeland,15,15,
21/00274,,Salten transformatorstasjon TRA,Helgeland og Salten,Arva AS,,Vannkraft,2020-12-20,Ingvild Grøtterud Birkeland,44,44,
21/00278,,Skaidi TRA,Nord,Lucerna AS,,Vindkraft,2020-12-20,Lars Erik Johansen,14.1,14.1,
21/00284,,Ballangen,Nord,Noranett AS,Fortum,Vindkraft,2020-12-20,Lars Erik Johansen,100,100,
21/00285,,Sortland TRA,Nord,Vestall AS,,Vindkraft,2018-12-16,Lars Erik Johansen,50.4,50.4,
21/00286,,Bjerkreim TRA,Sør Rogaland og Agder,,,Vindkraft,2020-12-20,Arne Utne,140,140,
21/00288,,Mestervik,Nord,Arva AS,,Vindkraft,2020-12-19,Lars Erik Johansen,270,270,
21/00290,,Ullsfjord TRA,Nord,,Nordkraft,Vannkraft,2021-12-19,Lars Erik Johansen,18,18,
21/00292,,Vågåmo TRA,Innlandet,,Fjellnett As,Vannkraft,2020-12-30,Heidi Hellesvik Ringstad,160,160,
21/00294,,Sima KRA/TRA,Bergen og Haugalandet,,Statkraft Energi As,Vannkraft,2020-12-20,Magnus Øverby Tennøe,10,10,
21/00295,,Marka TRA,Helgeland og Salten,Linea AS,Helgeland Kraft Produksjon,Vannkraft,2023-02-03,Ingvild Grøtterud Birkeland,14,14,
21/00296,,Moskog TRA,Sogn og Sunnmøre,Linja AS,Mange aktører,Vannkraft,2021-12-20,Hans Olav Ween,220,220,
21/00297,,Marka TRA,Helgeland og Salten,Eolus Vind,Eolus Vind,Vindkraft,2021-12-05,Ingvild Grøtterud Birkeland,400,400,
21/00340,,Dagali TRA,Hallingdal og Ringerike,Godfarfoss Kraft AS,Godfarfoss Kraft AS,Vannkraft,2025-06-30,Heidi Hellesvik Ringstad,9.5,9.5,
22/00510,,Sogndal TRA,Sogn og Sunnmøre,Sygnir AS,Sognekraft AS,Vannkraft,2025-10-14,Hans Olav Ween,20,20,
22/00619,,Borgund KRA/TRA,Hallingdal og Ringerike,Sygnir AS,,Vannkraft,2024-10-22,Hans Olav Ween,7.6,7.6,
22/00663,,Aura KRA/TRA,Midt,Tensio AS,Forte Vannkraft  og Sunndal Energi,Vannkraft,2025-03-30,Hans Olav Ween,15.7,15.7,
22/00691,,Rendalen transformatorstasjon TRA,Innlandet,Elvia As,Solgrid Furuseth,Solkraft,2023-11-30,Heidi Hellesvik Ringstad,7,7,
22/00721,,Trofors TRA,Helgeland og Salten,Linea AS,Hattfjelldal Kraft,Vannkraft,2025-12-30,Ingvild Grøtterud Birkeland,7.1,7.1,
22/00751,ELB2901,Fortun KRA/TRA,Sogn og Sunnmøre,Linja AS,Småkraft under Breheim Nett,Vannkraft,2022-12-30,Hans Olav Ween,14.55,14.55,
22/00752,ELB4105,Leirdøla (LEX) TRA,Sogn og Sunnmøre,Sygnir AS,,Vannkraft,2024-02-29,Hans Olav Ween,40.43,40.43,
23/00917,,Minne TRA,Innlandet,Elvia As,Odal Vind Engerfjellet,Vindkraft,2025-05-23,Heidi Hellesvik Ringstad,1.1,1.1,
23/00919,,Minne TRA,Innlandet,Elvia As,Odal Vind Sognkjølen,Vindkraft,2025-05-23,Heidi Hellesvik Ringstad,2.3,2.3,
23/01013,,Sauda TRA,Bergen og Haugalandet,Aktieselskapet Saudefaldene,Eramet,Termisk kraft,2025-10-23,Magnus Øverby Tennøe,13.7,13.7,
23/01039,ELB500,Rendalen transformatorstasjon TRA,Innlandet,Elvia As,Innlandet Fornybar Måna AS,Solkraft,2025-10-30,Heidi Hellesvik Ringstad,4.5,4.5,
23/01054,,Nedre Vinstra KRA/TRA,Innlandet,Opplandskraft DA,Opplandskraft DA,Vannkraft,2025-04-29,Heidi Hellesvik Ringstad,20,20,
23/01410,,Balsfjord TRA,Nord,Arva AS,Hywer AS,Vannkraft,2024-11-24,Lars Erik Johansen,7.8,7.8,
24/01472,,Lyse TRA,Sør Rogaland og Agder,Lyse Kraft DA,Lyse Kraft DA,Vannkraft,2024-08-31,Arne Utne,370,370,
24/01484,ELB499,Rendalen transformatorstasjon TRA,Innlandet,Elvia As,Njord Vannkraft AS,Vannkraft,2026-03-25,Heidi Hellesvik Ringstad,2.3,2.3,
24/01608,,Vågåmo TRA,Innlandet,Fjellnett As,Eidefoss Vannkraft,Vannkraft,2025-07-30,Heidi Hellesvik Ringstad,5,5,
24/01664,,Flesaker TRA,Telemark og Vestfold,Glitre Nett AS,Vestre Viken HF,Annen produksjon,2025-07-07,Heidi Hellesvik Ringstad,10.6,10.6,
24/01786,,Sauda TRA,Bergen og Haugalandet,Fagne AS,Saudefaldene AS,Vannkraft,2025-10-03,Magnus Øverby Tennøe,8,8,
