Statnett saksnr.,Tilko saksnr.,Stasjon for tilknytning i transmisjonsnettet,Områdeplan,Prisområde,Statnetts kunde,Sluttkunde,Næringstype,Dato - moden bestilling fra sluttkunde,Dato - Ønsket tilknytning,Kunde og tilknytningsansvarlig,Kapasitet i kø (MW)
22/00752,ELB4105,Leirdøla (LEX) TRA,Sogn og Sunnmøre,NO5,Sygnir AS,,Vannkraft,2015-08-17,,Hans Olav Ween,0.97
23/00852,ELB179,Vang TRA,Innlandet,NO1,Elvia As,Energeia Veldre AS,Solkraft,2023-06-21,2026-12-30,Heidi Hellesvik Ringstad,99.3
23/00933,ELB2197,Høyanger TRA,Sogn og Sunnmøre,NO3,Linja AS,Hydro Rein AS,Vindkraft,2025-09-01,2029-12-30,Hans Olav Ween,350
23/00948,ELB1446,Rjukan TRA,Telemark og Vestfold,NO2,Statkraft Energi As,STATKRAFT ENERGI AS,Vannkraft,2025-03-10,2034-12-30,Geir Kåsa,720
23/01128,ELB207,Minne TRA,Innlandet,NO1,Elvia As,Landinfra Energy Norway AS,Solkraft,2023-10-25,2028-03-30,Heidi Hellesvik Ringstad,184
23/01137,ELB200,Minne TRA,Innlandet,NO1,Elvia As,Pyur Energy AS,Solkraft,2024-03-31,2025-05-31,Heidi Hellesvik Ringstad,12.3
23/01160,ELB261,Vardal TRA,Innlandet,NO1,Elvia As,Energeia Øystadmarka AS,Solkraft,2024-04-29,2031-03-30,Heidi Hellesvik Ringstad,38
23/01194,ELB176,Vang TRA,Innlandet,NO1,Elvia As,Energiea Bolstadmarka AS,Solkraft,2023-06-21,2026-04-30,Heidi Hellesvik Ringstad,81
23/01308,ELB1550,Røldal KRA/TRA,Bergen og Haugalandet,NO2,Lyse Kraft DA,LYSE KRAFT DA,Vannkraft,2023-11-06,2032-03-30,Magnus Øverby Tennøe,292
23/01337,ELB187,Vang TRA,Innlandet,NO1,Elvia As,Differ Energy AS,Solkraft,2024-02-20,2026-12-30,Heidi Hellesvik Ringstad,5
23/01377,ELB162,Rendalen transformatorstasjon TRA,Innlandet,NO1,Elvia As,Aneo AS,Solkraft,2024-06-12,2028-12-30,Heidi Hellesvik Ringstad,40
23/01385,ELB183,Minne TRA,Innlandet,NO1,Elvia As,Endra AS,Solkraft,2023-11-08,2026-12-30,Heidi Hellesvik Ringstad,3
23/01386,ELB144,Vang TRA,Innlandet,NO1,Elvia As,Hafslund Kraft AS,Vannkraft,2025-03-26,2028-04-01,Heidi Hellesvik Ringstad,5.1
23/01389,ELB194,Fåberg TRA,Innlandet,NO1,Elvia As,Pyur Energy AS,Solkraft,2024-03-31,2025-07-30,Heidi Hellesvik Ringstad,11.1
23/01403,ELB178,Minne TRA,Innlandet,NO1,Elvia As,Solgrid AS,Solkraft,2023-07-30,2030-12-30,Heidi Hellesvik Ringstad,13.78
23/01420,ELB174,Minne TRA,Innlandet,NO1,Elvia As,Pyur Energy AS,Solkraft,2023-06-20,2028-06-29,Heidi Hellesvik Ringstad,8
23/01437,ELB192,Minne TRA,Innlandet,NO1,Elvia As,Solgrid AS,Solkraft,2023-12-13,2027-06-29,Heidi Hellesvik Ringstad,34
24/01449,ELB186,Minne TRA,Innlandet,NO1,Elvia As,Geisli Energi AS,Solkraft,2023-12-19,2026-12-30,Heidi Hellesvik Ringstad,32
24/01450,ELB190,Vang TRA,Innlandet,NO1,Elvia As,Differ Energy AS,Solkraft,2024-03-17,2026-03-31,Heidi Hellesvik Ringstad,6
24/01452,ELB1060,Flesaker TRA,Telemark og Vestfold,NO1,Glitre Nett AS,Energeia Gunnhus AS,Solkraft,2024-09-29,2026-12-30,Heidi Hellesvik Ringstad,5
24/01467,ELB222,Vang TRA,Innlandet,NO1,Elvia As,Differ Energy AS,Solkraft,2024-10-06,2028-09-29,Heidi Hellesvik Ringstad,15
24/01531,ELB1926,Åfjord TRA,Midt,NO3,Tensio AS,Småkraft AS,Vannkraft,2024-11-15,,Christopher Aarnseth Ruud,5.8
24/01557,ELB509,Rendalen transformatorstasjon TRA,Innlandet,NO1,Elvia As,Småkraft AS,Vannkraft,2024-06-17,2027-12-30,Heidi Hellesvik Ringstad,5.6
24/01572,ELB1018,Vardal TRA,Innlandet,NO1,Elvia As,Zephyr AS,Vindkraft,2024-11-13,2032-12-30,Heidi Hellesvik Ringstad,295.2
24/01580,ELB195,Minne TRA,Innlandet,NO1,Elvia As,HAFSLUND MAGNORA SOL AS,Solkraft,2024-08-13,2026-06-29,Heidi Hellesvik Ringstad,30
24/01599,ELB182,Vang TRA,Innlandet,NO1,Elvia As,Innlandet Fornybar AS,Solkraft,2023-11-02,2029-09-29,Heidi Hellesvik Ringstad,40
24/01609,ELB219,Minne TRA,Innlandet,NO1,Elvia As,Pyur Energy AS,Solkraft,2025-03-02,2026-09-30,Heidi Hellesvik Ringstad,7.2
24/01673,ELB508,Rendalen transformatorstasjon TRA,Innlandet,NO1,Elvia As,NØK Forbybar AS,Solkraft,2024-06-02,2026-09-30,Heidi Hellesvik Ringstad,4
24/01677,ELB141,Minne TRA,Innlandet,NO1,Elvia As,Løvhaugsåa Kraftverk AS,Vannkraft,2024-10-24,2028-12-30,Heidi Hellesvik Ringstad,1.5
24/01702,ELB146,Vang TRA,Innlandet,NO1,Elvia As,Graupel Vind DA,Vindkraft,2024-07-04,2030-03-30,Heidi Hellesvik Ringstad,65
24/01705,ELB2917,Fortun KRA/TRA,Sogn og Sunnmøre,NO5,Linja AS,Hydro Energi AS,Vannkraft,2024-02-29,2029-06-28,Hans Olav Ween,8.7
24/01734,ELB228,Minne TRA,Innlandet,NO1,Elvia As,Pyur Energy AS,Solkraft,2024-12-04,2028-09-29,Heidi Hellesvik Ringstad,51
24/01745,ELB2018,Ålfoten TRA,Sogn og Sunnmøre,NO3,Linja AS,SFE Produksjon AS,Vannkraft,2024-08-18,2030-01-30,Hans Olav Ween,118
24/01746,ELB2925,Fortun KRA/TRA,Sogn og Sunnmøre,NO5,Linja AS,Årdal Energi Produksjon AS,Vannkraft,2024-07-09,2030-01-30,Hans Olav Ween,8
24/01764,ELB198,Vardal TRA,Innlandet,NO1,Elvia As,Stormvind AS,Solkraft,2024-08-19,2027-03-30,Heidi Hellesvik Ringstad,12
24/01765,ELB154,Vang TRA,Innlandet,NO1,Elvia As,Hafslund Kraft AS,Vannkraft,2024-09-13,2028-01-01,Heidi Hellesvik Ringstad,10
24/01787,ELB1511,Hergot,Nord,NO4,Nordkraft Magasin As,Nygård kraftverk,Vannkraft,2024-10-07,2030-06-02,Lars Erik Johansen,25
24/01812,ELB157,Vang TRA,Innlandet,NO1,Elvia As,Graupel Vind DA,Vindkraft,2024-10-24,2031-09-29,Heidi Hellesvik Ringstad,43.2
25/01984,ELB2026,Ålfoten TRA,Sogn og Sunnmøre,NO3,Linja AS,SFE Produksjon AS,Vannkraft,2025-01-31,2027-07-01,Hans Olav Ween,8.7
25/01997,ELB498,Rendalen transformatorstasjon TRA,Innlandet,NO1,Elvia As,HAFSLUND MAGNORA SOL AS,Solkraft,2025-02-05,2028-06-29,Heidi Hellesvik Ringstad,86
25/02017,ELB2933,Sogndal TRA,Sogn og Sunnmøre,NO5,Sygnir AS,Småkraft AS,Vannkraft,2025-03-21,2028-04-01,Hans Olav Ween,7.4
25/02029,ELB164,Vang TRA,Innlandet,NO1,Elvia As,Aneo AS,Solkraft,2024-12-18,2027-12-30,Heidi Hellesvik Ringstad,10
25/02039,ELB1210,Eidum TRA,Midt,NO3,Tensio AS, Clemens Kraft,Vannkraft,2026-02-27,2025-10-01,Christopher Aarnseth Ruud,24
25/02041,ELB606,Røldal KRA/TRA,Bergen og Haugalandet,NO2,Fagne AS,CAPTIVA ENERGI AS,Vannkraft,2024-09-23,2029-01-01,Magnus Øverby Tennøe,7.9
25/02043,ELB1587,Aurland 3 KRA/TRA,Hallingdal og Ringerike,NO5,Hafslund Kraft As,Hafslund Kraft AS,Vannkraft,2025-04-23,2032-12-31,Hans Olav Ween,140
25/02044,ELB1586,Aurland 2 KRA/TRA,Hallingdal og Ringerike,NO5,Hafslund Kraft As,Hafslund Kraft AS,Vannkraft,2025-05-01,2032-12-31,Hans Olav Ween,105
25/02051,ELB180,Vang TRA,Innlandet,NO1,Elvia As,Energeia AS,Solkraft,2024-04-25,2028-06-29,Heidi Hellesvik Ringstad,14
25/02061,ELB78,Nedre Røssåga KRA/TRA,Helgeland og Salten,NO4,Linea AS,Cadre,Vannkraft,2024-10-02,2028-01-01,Ingvild Grøtterud Birkeland,8
25/02069,ELB1987,Ålfoten TRA,Sogn og Sunnmøre,NO3,Linja AS,Småkraft AS,Vannkraft,2025-01-06,2028-04-01,Hans Olav Ween,5.47
25/02076,ELB202,Vang TRA,Innlandet,NO1,Elvia As,Vindr AS,Solkraft,2024-12-17,2028-06-29,Heidi Hellesvik Ringstad,44
25/02102,ELB1417,Viklandet TRA,Midt,NO3,Trønderenergi,,Vannkraft,2026-03-13,2034-01-01,Hans Olav Ween,600
25/02116,ELB213,Vang TRA,Innlandet,NO1,Elvia As,Innlandet Fornybar AS,Solkraft,2024-06-24,2029-09-29,Heidi Hellesvik Ringstad,80
25/02118,ELB208,Minne TRA,Innlandet,NO1,Elvia As,Landinfra Energy Norway AS,Solkraft,2023-11-05,2028-03-30,Heidi Hellesvik Ringstad,23
25/02119,ELB209,Minne TRA,Innlandet,NO1,Elvia As,Landinfra Energy Norway AS,Solkraft,2023-12-18,2028-03-30,Heidi Hellesvik Ringstad,13
25/02137,ELB638,Haugsvær transformatorstasjon TRA,Bergen og Haugalandet,NO5,BKK AS,Småkraft AS,Vannkraft,2024-11-07,2027-12-31,Magnus Øverby Tennøe,6
25/02156,ELB231,Vang TRA,Innlandet,NO1,Elvia As,Vindr AS,Solkraft,2025-05-05,2029-06-29,Heidi Hellesvik Ringstad,30.8
25/02159,ELB232,Vang TRA,Innlandet,NO1,Elvia As,Vindr AS,Solkraft,2025-05-05,2029-03-30,Heidi Hellesvik Ringstad,70.4
25/02162,ELB278,Vang TRA,Innlandet,NO1,Elvia As,Energeia Hagan Gård AS,Solkraft,2025-09-26,2027-04-01,Heidi Hellesvik Ringstad,10
25/02163,ELB249,Salten transformatorstasjon TRA,Helgeland og Salten,NO4,Arva AS,CADRE AS,Vannkraft,2025-10-15,2029-07-01,Ingvild Grøtterud Birkeland,7.6
25/02171,ELB288,Salten transformatorstasjon TRA,Helgeland og Salten,NO4,Arva AS,Småkraft AS,Vannkraft,2025-08-22,2027-10-01,Ingvild Grøtterud Birkeland,6.6
25/02179,ELB245,Salten transformatorstasjon TRA,Helgeland og Salten,NO4,Arva AS,CADRE AS,Vannkraft,2025-10-09,2029-07-01,Ingvild Grøtterud Birkeland,7.2
25/02184,ELB305,Vang TRA,Innlandet,NO1,Elvia As,STATKRAFT ENERGI AS,Vindkraft,2025-12-11,2032-10-01,Heidi Hellesvik Ringstad,274
25/02190,ELB2927,Fortun KRA/TRA,Sogn og Sunnmøre,NO5,Linja AS,Årdal Energi Produksjon AS,Vannkraft,2025-02-28,2028-10-31,Hans Olav Ween,9
25/02194,ELB289,Fåberg TRA,Innlandet,NO1,Elvia As,Hafslund Kraft AS,Vannkraft,2026-03-24,2028-10-01,Heidi Hellesvik Ringstad,4.8
25/02196,ELB323,Hasle TRA,"Oslo, Akershus og Østfold",NO1,Elvia As,Vindr AS,Vindkraft,2025-08-15,2031-01-01,Karoline Josefine Gudbjerg,57.6
25/02197,ELB324,Hasle TRA,"Oslo, Akershus og Østfold",NO1,Elvia As,Vindr AS,Vindkraft,2025-08-26,2031-01-01,Karoline Josefine Gudbjerg,43.2
25/02198,ELB322,Hasle TRA,"Oslo, Akershus og Østfold",NO1,Elvia As,Vindr AS,Vindkraft,2025-12-09,2031-01-01,Karoline Josefine Gudbjerg,144
25/02200,ELB336,Vågåmo TRA,Innlandet,NO3,Fjellnett As,Hafslund Kraft AS,Vannkraft,2025-07-10,2027-04-01,Heidi Hellesvik Ringstad,7.2
25/02217,ELB295,Minne TRA,Innlandet,NO1,Elvia As,Vindr AS,Solkraft,2025-08-26,2028-07-01,Heidi Hellesvik Ringstad,35
25/02225,ELB311,Vardal TRA,Innlandet,NO1,Elvia As,Aneo AS,Solkraft,2026-04-24,2029-10-01,Heidi Hellesvik Ringstad,25.6
25/02233,ELB349,Vang TRA,Innlandet,NO1,Elvia As,Vindr AS,Vindkraft,2025-08-20,2031-01-01,Heidi Hellesvik Ringstad,50.4
25/02241,ELB321,Vang TRA,Innlandet,NO1,Elvia As,Vindr AS,Vindkraft,2025-12-09,2031-01-01,Heidi Hellesvik Ringstad,108
25/02248,ELB371,Vang TRA,Innlandet,NO1,Elvia As,Vindr AS,Vindkraft,2025-09-01,2031-10-01,Heidi Hellesvik Ringstad,36
25/02249,ELB518,Kollsnes KRA/TRA,Bergen og Haugalandet,NO5,BKK AS,Wind Catching Demo AS (WCD),Offshore vind,2025-06-13,2029-09-01,Magnus Øverby Tennøe,40
25/02257,ELB247,Salten transformatorstasjon TRA,Helgeland og Salten,NO4,Arva AS,CADRE AS,Vannkraft,2025-10-15,2029-07-01,Ingvild Grøtterud Birkeland,5.8
25/02330,ELB420,Frogner TRA,"Oslo, Akershus og Østfold",NO1,Elvia As,Aneo AS,Solkraft,2026-06-09,2029-07-01,Karoline Josefine Gudbjerg,15.6
25/02358,ELB2200,Høyanger TRA,Sogn og Sunnmøre,NO3,Linja AS,STATKRAFT ENERGI AS,Vannkraft,2025-12-10,2035-12-30,Hans Olav Ween,250
25/02368,ELB496,Minne TRA,Innlandet,NO1,Elvia As,Eidsiva Hafslund Vind DA,Vindkraft,2026-02-26,2032-04-01,Heidi Hellesvik Ringstad,144
25/02402,,Fortun KRA/TRA,Sogn og Sunnmøre,NO5,Linja AS,Offerdal Kraftverk AS,Vannkraft,2024-05-29,2028-03-31,Hans Olav Ween,2
25/02413,ELB1124,Flesaker TRA,Telemark og Vestfold,NO1,Glitre Nett AS,HAFSLUND MAGNORA SOL AS,Solkraft,2024-10-11,2029-06-01,Heidi Hellesvik Ringstad,30.6
25/02426,ELB1229,Kvinesdal TRA,Sør Rogaland og Agder,NO2,Glitre Nett AS,UNCAP AS,Annen produksjon,2025-09-22,2028-03-31,Arne Utne,120
25/02478,ELB1623,Aura KRA/TRA,Midt,NO3,Linja AS,Småkraft AS,Vannkraft,2025-03-01,2027-12-15,Hans Olav Ween,5.4
25/02506,ELB584,Rendalen transformatorstasjon TRA,Innlandet,NO1,Elvia As,NØK Vind AS,Vindkraft,2026-01-14,2030-10-01,Heidi Hellesvik Ringstad,130
25/02512,ELB706,Halden TRA,"Oslo, Akershus og Østfold",NO1,Elvia As,Pyur Energy AS,Annen produksjon,2026-02-16,2027-07-01,Karoline Josefine Gudbjerg,11
25/02584,ELB883,Minne TRA,Innlandet,NO1,Elvia As,Stormvind AS,Annen produksjon,2024-12-06,2026-04-01,Karoline Josefine Gudbjerg,20
25/02603,ELB708,Frogner TRA,"Oslo, Akershus og Østfold",NO1,Elvia As,Pyur Energy AS,Annen produksjon,2026-02-17,2027-10-01,Karoline Josefine Gudbjerg,11
25/02616,ELB1448,Rjukan TRA,Telemark og Vestfold,NO2,Statkraft Energi As,STATKRAFT ENERGI AS,Vannkraft,2025-10-29,2034-10-01,Geir Kåsa,140
25/02619,ELB963,Minne TRA,Innlandet,NO1,Elvia As,Pyur Energy AS,Solkraft,2025-11-24,2028-04-01,Heidi Hellesvik Ringstad,7.4
25/02675,ELB1033,Nye Stokmarknes transformatorstasjon TRA,Nord,NO4,Noranett AS,GRIDCORE ENERGY STORAGE AS,Batteri (innmating),2025-10-22,2026-04-01,Lars Erik Johansen,15
25/02676,ELB859,Lyse TRA,Sør Rogaland og Agder,NO2,Lnett AS,LYSE KRAFT DA,Annen produksjon,2026-05-20,2026-10-01,Arne Utne,35
25/02681,ELB1037,Stølaheia TRA,Sør Rogaland og Agder,NO2,Lnett AS,UNCAP AS,Annen produksjon,2026-01-13,2029-01-01,Arne Utne,70
25/02696,ELB943,Rendalen transformatorstasjon TRA,Innlandet,NO1,Elvia As,Nordstu AS,Solkraft,2026-05-27,2027-01-01,Heidi Hellesvik Ringstad,10
25/02699,ELB948,Vang TRA,Innlandet,NO1,Elvia As,Differ Energy AS,Solkraft,2026-01-14,2030-07-01,Heidi Hellesvik Ringstad,14
25/02702,ELB971,Vang TRA,Innlandet,NO1,Elvia As,Vindr AS,Vindkraft,2025-12-08,2031-10-01,Heidi Hellesvik Ringstad,86.4
25/02704,ELB981,Vang TRA,Innlandet,NO1,Elvia As,Vindr AS,Solkraft,2025-11-20,2029-01-01,Heidi Hellesvik Ringstad,25
25/02705,ELB969,Vang TRA,Innlandet,NO1,Elvia As,Vindr AS,Vindkraft,2025-12-10,2031-10-01,Heidi Hellesvik Ringstad,43.2
25/02773,ELB991,Hasle TRA,"Oslo, Akershus og Østfold",NO1,Elvia As,UNCAP AS,Annen produksjon,2026-01-22,2028-04-01,Karoline Josefine Gudbjerg,90
25/02781,ELB1137,Arendal TRA,Sør Rogaland og Agder,NO2,Glitre Nett AS,HAFSLUND MAGNORA SOL AS,Solkraft,2026-03-09,2029-10-01,Arne Utne,21.7
25/02782,ELB1135,Arendal TRA,Sør Rogaland og Agder,NO2,Glitre Nett AS,HAFSLUND MAGNORA SOL AS,Solkraft,2025-09-29,2029-10-01,Arne Utne,18.6
25/02794,ELB1157,Arendal TRA,Sør Rogaland og Agder,NO2,Glitre Nett AS,HAFSLUND MAGNORA SOL AS,Solkraft,2026-03-09,2029-10-01,Arne Utne,11.15
25/02932,ELB1868,Tveiten TRA,Telemark og Vestfold,NO2,Lede AS,Flekskraft AS,Annen produksjon,2025-11-06,2029-09-29,Geir Kåsa,30
25/02938,ELB1478,Verdal TRA,Midt,NO3,Tensio AS,NTE ENERGI AS,Vannkraft,2026-05-18,2033-04-01,Christopher Aarnseth Ruud,20
25/02939,ELB1479,Verdal TRA,Midt,NO3,Tensio AS,NTE ENERGI AS,Vannkraft,2026-05-13,2032-04-01,Christopher Aarnseth Ruud,22
25/02961,ELB1398,Vang TRA,Innlandet,NO1,Elvia As,Energeia AS,Solkraft,2026-06-08,2028-10-01,Heidi Hellesvik Ringstad,67
25/02962,ELB1302,Fåberg TRA,Innlandet,NO1,Elvia As,Pyur Energy AS,Annen produksjon,2026-02-17,2028-10-01,Karoline Josefine Gudbjerg,11.1
25/03002,ELB1598,Vang TRA,Innlandet,NO1,Elvia As,Stormvind AS,Annen produksjon,2024-08-19,2026-01-01,Karoline Josefine Gudbjerg,20
26/03085,ELB1304,Minne TRA,Innlandet,NO1,Elvia As,Pyur Energy AS,Annen produksjon,2026-02-24,2029-01-01,Karoline Josefine Gudbjerg,8
26/03124,ELB1684,Minne TRA,Innlandet,NO1,Elvia As,Akershus Energi Vind AS,Vindkraft,2026-06-17,2033-04-01,Heidi Hellesvik Ringstad,58
26/03176,ELB1846,Tveiten TRA,Telemark og Vestfold,NO2,Lede AS,Differ Energy AS,Solkraft,2025-12-07,2030-07-01,Geir Kåsa,10
26/03203,ELB1327,Kristiansand TRA,Sør Rogaland og Agder,NO2,Glitre Nett AS,Solkraft Sør AS,Annen produksjon,2026-03-06,2026-04-01,Arne Utne,10
26/03261,ELB2030,Ålfoten TRA,Sogn og Sunnmøre,NO3,Linja AS,GULESLETTENE VINDKRAFT AS,Vindkraft,2026-02-23,2029-01-01,Hans Olav Ween,63
26/03263,ELB1683,Minne TRA,Innlandet,NO1,Elvia As,Akershus Energi Vind AS,Vindkraft,2026-07-01,2033-04-01,Heidi Hellesvik Ringstad,94
26/03323,ELB1250,Kristiansand TRA,Sør Rogaland og Agder,NO2,Glitre Nett AS,Solkraft Sør AS,Solkraft,2026-03-06,2028-01-01,Arne Utne,13.5
26/03325,ELB1362,Kristiansand TRA,Sør Rogaland og Agder,NO2,Glitre Nett AS,Solkraft Sør AS,Annen produksjon,2026-02-19,2028-01-01,Arne Utne,12
26/03360,ELB1728,Minne TRA,Innlandet,NO1,Elvia As,Pyur Energy AS,Annen produksjon,2026-03-05,2027-04-01,Karoline Josefine Gudbjerg,7.2
26/03390,ELB2092,Spanne TRA,Bergen og Haugalandet,NO2,Fagne AS,EVINY AS,Vindkraft,2026-06-24,2030-07-01,Magnus Øverby Tennøe,100
26/03399,ELB1675,Hol 1 KRA/TRA,Hallingdal og Ringerike,NO5,Føie,Hafslund Kraft AS,Vannkraft,2026-07-02,2033-04-01,Heidi Hellesvik Ringstad,94
26/03437,ELB2105,Vardal TRA,Innlandet,NO1,Elvia As,Energeia AS,Solkraft,2026-04-14,2028-10-01,Heidi Hellesvik Ringstad,10
26/03439,ELB1976,Nea KRA/TRA,Midt,NO3,Tensio AS,ANEO VIND AS,Annen produksjon,2026-05-15,2029-04-01,Christopher Aarnseth Ruud,22
26/03445,ELB932,Rendalen/Rendalen 2 KRA/TRA,Innlandet,NO1,Elvia As,Njord Vannkraft AS,Vannkraft,2026-05-27,2030-10-01,Heidi Hellesvik Ringstad,7
26/03514,ELB2324,Ertsmyra TS TRA,Sør Rogaland og Agder,NO2,Glitre Nett AS,UNCAP AS,Annen produksjon,2026-05-28,2029-01-01,Arne Utne,150
26/03519,ELB2280,Saurdal KRA/TRA,Bergen og Haugalandet,NO2,Fagne AS,UNCAP AS,Annen produksjon,2026-03-02,2028-10-01,Magnus Øverby Tennøe,80
26/03727,ELB2572,Usta KRA/TRA,Hallingdal og Ringerike,NO5,Føie,Hafslund Kraft AS,Vannkraft,2026-07-02,2035-04-01,Heidi Hellesvik Ringstad,115
26/03730,ELB2590,Snilldal Transformatorstasjon TRA,Midt,NO3,Tensio AS,STATKRAFT ENERGI AS,Vindkraft,2026-05-19,2030-10-01,Christopher Aarnseth Ruud,35
26/03747,ELB2600,Grenland TRA,Telemark og Vestfold,NO2,Lede AS,DE NETT AS,Solkraft,2026-05-20,2028-07-01,Geir Kåsa,20
26/03757,ELB2541,Åsen transformatorstasjon - Ny Åsen Stasjon TRA,,,Fagne AS,STATKRAFT ENERGI AS,Vannkraft,2026-06-30,2034-12-28,Magnus Øverby Tennøe,210
26/03882,ELB2926,Sogndal TRA,Sogn og Sunnmøre,NO5,Sygnir AS,Årdal Kraftproduksjon AS,Vannkraft,2026-03-12,2030-10-01,Hans Olav Ween,9.6
26/03942,ELB2685,Rød TRA,Telemark og Vestfold,NO2,Lede AS,TINFOS AS,Vannkraft,2026-05-13,2032-04-01,Geir Kåsa,5.5
26/03950,ELB2635,Høyanger TRA,Sogn og Sunnmøre,NO3,Hydro Aluminium As,STATKRAFT ENERGI AS,Vannkraft,2026-05-12,2035-07-01,Hans Olav Ween,6.5
26/04012,ELB2920,Borgund KRA/TRA,Hallingdal og Ringerike,NO5,Sygnir AS,Småkraft AS,Vannkraft,2026-02-25,2029-10-01,Hans Olav Ween,8.5
26/04060,ELB2913,Samnanger TRA,Bergen og Haugalandet,NO5,BKK AS,MOBERG ENERGI AS,Vannkraft,2026-09-15,2029-04-01,Magnus Øverby Tennøe,6.2
26/04102,ELB3013,Grenland TRA,Telemark og Vestfold,NO2,Lede AS,VESTMAR NETT AS,Vindkraft,2026-08-26,2033-10-01,Geir Kåsa,80
26/04120,ELB2886,Dalekvam TRA,Bergen og Haugalandet,NO5,Eviny Fornybar AS,Eviny Fornybar AS,Vannkraft,2026-08-28,2031-01-01,Arne Utne,355
26/04236,ELB3120,Follo TRA,"Oslo, Akershus og Østfold",NO1,Elvia As,Karmsund Group AS,Annen produksjon,2026-08-03,2027-07-01,Karoline Josefine Gudbjerg,25
26/04343,ELB3347,Kristiansand TRA,Sør Rogaland og Agder,NO2,Glitre Nett AS,KRISTIANSAND HAVN IKS,Annen produksjon,2026-09-07,2030-01-01,Arne Utne,30
